{
    "users" : 
[
    {
        "id": 1,
        "name": "Vandana Kumawat",
        "gender": "Female"
      },
      {
        "id": 2,
        "name": "John Doe",
        "gender": "Male"
      },
      {
        "id": 1,
        "name": "Vandana Kumawat",
        "gender": "Female"
      },
      {
        "id": 2,
        "name": "John Doe",
        "gender": "Male"
      },
      {
        "id": 1,
        "name": "Vandana Kumawat",
        "gender": "Female"
      },
      {
        "id": 2,
        "name": "John Doe",
        "gender": "Male"
      },
      {
        "id": 1,
        "name": "Vandana Kumawat",
        "gender": "Female"
      },
      {
        "id": 2,
        "name": "John Doe",
        "gender": "Male"
      },
      {
        "id": 1,
        "name": "Vandana Kumawat",
        "gender": "Female"
      },
      {
        "id": 2,
        "name": "John Doe",
        "gender": "Male"
      }
  ],
  "countries" : [
    { "value": 1, "label": "India" },
    { "value": 2, "label": "Nepal" },
    { "value": 3, "label": "Sri Lanka" }
  ],
  "courses" : [
    { "value": 1, "label": "BCA" },
    { "value": 2, "label": "B.Tech" },
    { "value": 3, "label": "MCA" },
    { "value": 4, "label": "B.Sc" },
    { "value": 5, "label": "M.Sc" }
  ],
  "states":[
    { "value": 1, "label": "Rajasthan" },
    { "value": 2, "label": "Uttar Pradesh" },
    { "value": 3, "label": "Madhya Pradesh" }
  ],
  "cities": [
    { "value": 1, "label": "Udaipur" },
    { "value": 2, "label": "Jaipur" },
    { "value": 3, "label": "Kota" }
  ],
  "hobbies": [
    { "value": 1, "label": "Reading" },
    { "value": 2, "label": "Sports" },
    { "value": 3, "label": "Gardening" },
    { "value": 4, "label": "Singing" },
    { "value": 5, "label": "Dancing" },
    { "value": 6, "label": "Painting" }
  ],
  "marks" : [
    {
      "id": 1,
      "name": "Vandana Kumawat",
      "course": { "value": 1, "label": "BCA" },
      "s1": 91,
      "s2": 92
    },
    {
      "id": 2,
      "name": "John Doe",
      "s1": 93,
      "s2": 94,
      "course": { "value": 2, "label": "B.Tech" }
    },
    {
      "id": 3,
      "name": "Muskan Dasani",
      "s1": 95,
      "s2": 96,
      "course": { "value": 3, "label": "MCA" }
    },
    {
      "id": 4,
      "name": "Anil Sharma",
      "s1": 97,
      "s2": 98,
      "course" :{ "value": 4, "label": "B.Sc" }
    },
    {
      "id": 5,
      "name": "Siddarth Malav",
      "s1": 99,
      "s2": 100,
      "course": { "value": 5, "label": "M.Sc" }
    }
  ],
  "genders" : [
    { "value": "Female", "label": "Female" },
    { "value": "Male", "label": "Male" },
    { "value": "Other", "label": "Other" }
  ],
  "scalingType" : [
    { "value": "Linear", "label": "Linear" },
    { "value": "Square Root", "label": "Square Root" }
  ]
}